file,sample_rate,peak,rms,dc,power_spectral_centroid_hz
baseline-source-60-60-matched.wav,48000,0.4357215166091919,0.09999999534539936,-4.5925378799438474e-08,2607.456790283712
baseline-source-60-60.wav,48000,0.20775890350341797,0.04768158345842679,-4.7349681456883746e-08,2607.4567870181086
Flute-Air-45-100-source-matched.wav,48000,0.5527341365814209,0.10000000193622773,-4.680951436360677e-08,2816.401025077194
Flute-Air-45-100-source.wav,48000,0.24942195415496826,0.04512512957117306,-4.824002583821615e-08,2816.401030624717
Flute-Air-45-100-synth-matched.wav,48000,0.45340073108673096,0.09999999867721146,6.975949137531063e-06,1900.8771290615987
Flute-Air-45-100-synth.wav,48000,0.23045694828033447,0.05082853584080767,3.5170876876787937e-06,1900.8771337584503
Flute-Air-45-20-source-matched.wav,48000,0.5527392625808716,0.09999999852881933,-4.653260111808777e-08,2816.411081029554
Flute-Air-45-20-source.wav,48000,0.17459750175476074,0.03158769081965342,-4.8708170652389524e-08,2816.411049841199
Flute-Air-45-20-synth-matched.wav,48000,0.4750932455062866,0.10000000354587565,3.5619496942517606e-07,1663.587065378964
Flute-Air-45-20-synth.wav,48000,0.0742034912109375,0.0156187049629028,5.544589317225395e-09,1663.5870677817454
Flute-Air-45-60-source-matched.wav,48000,0.552735447883606,0.1000000038166418,-4.6405941247940066e-08,2816.4053583079203
Flute-Air-45-60-source.wav,48000,0.2120070457458496,0.038355982378056895,-4.845236738522848e-08,2816.405372166578
Flute-Air-45-60-synth-matched.wav,48000,0.47053539752960205,0.09999999806381706,2.1103212233395018e-06,1765.0581669348157
Flute-Air-45-60-synth.wav,48000,0.142767071723938,0.030341411786401356,5.992813075476504e-07,1765.0581768730922
Flute-Air-60-100-source-matched.wav,48000,0.5326838493347168,0.10000000487099879,-4.616876443227132e-08,3215.5411676684944
Flute-Air-60-100-source.wav,48000,0.26012134552001953,0.048832229555651925,-4.754091302553813e-08,3215.5411679160293
Flute-Air-60-100-synth-matched.wav,48000,0.4900848865509033,0.1000000005547534,1.0632778557532645e-05,2241.802969740434
Flute-Air-60-100-synth.wav,48000,0.2682708501815796,0.05473967315245481,5.794094598039668e-06,2241.802970417708
Flute-Air-60-20-source-matched.wav,48000,0.5326881408691406,0.10000000295195621,-4.597132404645284e-08,3215.5497150545234
Flute-Air-60-20-source.wav,48000,0.18208718299865723,0.034182705605879264,-4.8213948806126915e-08,3215.549711295563
Flute-Air-60-20-synth-matched.wav,48000,0.49295365810394287,0.10000000088742589,7.706223689812295e-07,1870.965047239444
Flute-Air-60-20-synth.wav,48000,0.08720743656158447,0.017690797142249998,8.765330657045892e-08,1870.9650668402123
Flute-Air-60-60-source-matched.wav,48000,0.5326848030090332,0.10000000010824876,-4.6209742625554404e-08,3215.544843521202
Flute-Air-60-60-source.wav,48000,0.2211015224456787,0.041507004612787286,-4.7912200291951495e-08,3215.544851489301
Flute-Air-60-60-synth-matched.wav,48000,0.4965933561325073,0.09999999996199395,3.5602208028765437e-06,2032.8185889519139
Flute-Air-60-60-synth.wav,48000,0.16652822494506836,0.03353411306915864,1.1550728231668472e-06,2032.8185730649493
Flute-Air-81-100-source-matched.wav,48000,0.5032153129577637,0.10000000016314217,-4.552304744720459e-08,3803.501065781857
Flute-Air-81-100-source.wav,48000,0.267719030380249,0.05320167760550817,-4.6840558449427285e-08,3803.5010738953074
Flute-Air-81-100-synth-matched.wav,48000,0.4572991132736206,0.09999999780839101,2.545223229544911e-05,2330.3283842812066
Flute-Air-81-100-synth.wav,48000,0.3258575201034546,0.071256976219455,1.8119997780849324e-05,2330.328377978787
Flute-Air-81-20-source-matched.wav,48000,0.5032190084457397,0.09999999914024268,-4.5438607533772785e-08,3803.5075661382507
Flute-Air-81-20-source.wav,48000,0.18740558624267578,0.03724137243967286,-4.7446539004643755e-08,3803.5075786657467
Flute-Air-81-20-synth-matched.wav,48000,0.48751628398895264,0.09999999908640118,3.0261011140302142e-06,1853.9772198969845
Flute-Air-81-20-synth.wav,48000,0.12928712368011475,0.026519533584332747,7.591604136247584e-07,1853.9772604271889
Flute-Air-81-60-source-matched.wav,48000,0.5032161474227905,0.10000000117960349,-4.570310314496358e-08,3803.5038607183196
Flute-Air-81-60-source.wav,48000,0.22755944728851318,0.04522102209048404,-4.728386799494425e-08,3803.503854645905
Flute-Air-81-60-synth-matched.wav,48000,0.46654069423675537,0.0999999993656259,1.160779527012021e-05,2063.263289267495
Flute-Air-81-60-synth.wav,48000,0.21851694583892822,0.04683769623203343,5.406030315033933e-06,2063.263279960242
Focused-Jet-45-100-source-matched.wav,48000,0.5756604671478271,0.09999999728565279,-4.635875423749288e-08,2956.3980735846594
Focused-Jet-45-100-source.wav,48000,0.2325301170349121,0.04039363213375183,-4.79544202486674e-08,2956.3980520610316
Focused-Jet-45-100-synth-matched.wav,48000,0.4848276376724243,0.09999999776131394,4.53469754652457e-06,2146.4512439397545
Focused-Jet-45-100-synth.wav,48000,0.20975899696350098,0.0432646395524472,1.9286736905416275e-06,2146.4512657405653
Focused-Jet-45-20-source-matched.wav,48000,0.5756672620773315,0.0999999994059796,-4.626313845316569e-08,2956.41162873593
Focused-Jet-45-20-source.wav,48000,0.16277313232421875,0.028275551583209862,-4.875908295313517e-08,2956.4116086823256
Focused-Jet-45-20-synth-matched.wav,48000,0.5157784223556519,0.09999999809688069,1.921484425188379e-07,1923.5447028893911
Focused-Jet-45-20-synth.wav,48000,0.06625747680664062,0.012846105556954125,-2.703931618561136e-08,1923.5447113216358
Focused-Jet-45-60-source-matched.wav,48000,0.5756628513336182,0.09999999896246371,-4.644195238749186e-08,2956.403901503818
Focused-Jet-45-60-source.wav,48000,0.19764912128448486,0.034334182871409866,-4.8379103342692056e-08,2956.4039225597367
Focused-Jet-45-60-synth-matched.wav,48000,0.510567307472229,0.10000000137502202,1.239602731421907e-06,2020.2289882477571
Focused-Jet-45-60-synth.wav,48000,0.12934041023254395,0.02533267742113666,2.698717698296334e-07,2020.2289809285662
Focused-Jet-60-100-source-matched.wav,48000,0.5496362447738647,0.10000000307520913,-4.598746697107951e-08,3312.8389332838883
Focused-Jet-60-100-source.wav,48000,0.24057447910308838,0.04376977740071579,-4.782030979792277e-08,3312.8389316792523
Focused-Jet-60-100-synth-matched.wav,48000,0.464938759803772,0.09999999833715359,7.468673271780953e-06,2480.8671897528375
Focused-Jet-60-100-synth.wav,48000,0.22243595123291016,0.0478419957035987,3.542769650750338e-06,2480.867189182455
Focused-Jet-60-20-source-matched.wav,48000,0.5496420860290527,0.0999999986838266,-4.6014785766601564e-08,3312.8501155599633
Focused-Jet-60-20-source.wav,48000,0.168404221534729,0.030638895670297057,-4.828348755836487e-08,3312.8501331697225
Focused-Jet-60-20-synth-matched.wav,48000,0.4755082130432129,0.09999999964161463,4.562886154398005e-07,2161.1542096389157
Focused-Jet-60-20-synth.wav,48000,0.07034170627593994,0.014792941598927117,1.6960721621488004e-08,2161.1542264500554
Focused-Jet-60-60-source-matched.wav,48000,0.5496382713317871,0.10000000144866246,-4.616379737854004e-08,3312.84374553212
Focused-Jet-60-60-source.wav,48000,0.20448684692382812,0.03720389357458487,-4.7997881968816124e-08,3312.8437363996527
Focused-Jet-60-60-synth-matched.wav,48000,0.46978986263275146,0.10000000175750498,2.2107083845804346e-06,2300.8870447688805
Focused-Jet-60-60-synth.wav,48000,0.13455963134765625,0.02864250027343582,5.909291274370032e-07,2300.887058980182
Focused-Jet-81-100-source-matched.wav,48000,0.5252710580825806,0.10000000470670968,-4.541873931884766e-08,3835.242251785271
Focused-Jet-81-100-source.wav,48000,0.24977314472198486,0.047551304761642044,-4.711002111434937e-08,3835.242251572511
Focused-Jet-81-100-synth-matched.wav,48000,0.47097647190093994,0.10000000060352461,1.780922336384971e-05,2521.345279846236
Focused-Jet-81-100-synth.wav,48000,0.29235243797302246,0.062073676344667164,1.1033057780104114e-05,2521.3452908866484
Focused-Jet-81-20-source-matched.wav,48000,0.5252758264541626,0.1000000030482716,-4.560376207033793e-08,3835.2504656521137
Focused-Jet-81-20-source.wav,48000,0.174843430519104,0.0332860147688912,-4.7658880551656086e-08,3835.2504557178722
Focused-Jet-81-20-synth-matched.wav,48000,0.49268829822540283,0.10000000034053715,1.6521365243069668e-06,2081.7282776924103
Focused-Jet-81-20-synth.wav,48000,0.10847115516662598,0.022016165241653687,3.177122747961511e-07,2081.728279380646
Focused-Jet-81-60-source-matched.wav,48000,0.5252726078033447,0.10000000215185396,-4.563977320988973e-08,3835.2457839091812
Focused-Jet-81-60-source.wav,48000,0.21230566501617432,0.04041818042547331,-4.7147274017333987e-08,3835.2457888377457
Focused-Jet-81-60-synth-matched.wav,48000,0.4852914810180664,0.09999999579861162,7.326802625221775e-06,2275.114661191329
Focused-Jet-81-60-synth.wav,48000,0.1936410665512085,0.039902014182518514,2.888570034361266e-06,2275.1146612827947
Rough-Air-45-100-source-matched.wav,48000,0.6096501350402832,0.09999999820766355,-4.638234774271647e-08,1997.954108593274
Rough-Air-45-100-source.wav,48000,0.3142669200897217,0.051548730146097774,-4.785135388374329e-08,1997.9541082956139
Rough-Air-45-100-synth-matched.wav,48000,0.4954875707626343,0.10000000130779411,1.4224931835494142e-05,1399.9167583155963
Rough-Air-45-100-synth.wav,48000,0.33069491386413574,0.06674131238155084,9.474955112772418e-06,1399.9167621871245
Rough-Air-45-20-source-matched.wav,48000,0.6096640825271606,0.10000000001362733,-4.6820690234502157e-08,1997.9687384113176
Rough-Air-45-20-source.wav,48000,0.21998965740203857,0.03608375613868633,-4.86100713411967e-08,1997.9687370399017
Rough-Air-45-20-synth-matched.wav,48000,0.52567458152771,0.09999999570987994,1.3434835907785183e-06,1217.3831550517539
Rough-Air-45-20-synth.wav,48000,0.11979329586029053,0.022788488705110493,2.606179902052626e-07,1217.3831556992593
Rough-Air-45-60-source-matched.wav,48000,0.6096547842025757,0.09999999607973419,-4.7116229931513466e-08,1997.9604267730713
Rough-Air-45-60-source.wav,48000,0.2671247720718384,0.04381574053665958,-4.840145508448283e-08,1997.9604313551833
Rough-Air-45-60-synth-matched.wav,48000,0.5187877416610718,0.09999999783941176,5.860295285411337e-06,1301.351905227215
Rough-Air-45-60-synth.wav,48000,0.21780097484588623,0.04198267499447679,2.4263021298386947e-06,1301.351897699239
Rough-Air-60-100-source-matched.wav,48000,0.6377240419387817,0.09999999735425812,-4.647796352704366e-08,2174.0382496601637
Rough-Air-60-100-source.wav,48000,0.34061574935913086,0.053411149900879355,-4.751607775688172e-08,2174.03825770674
Rough-Air-60-100-synth-matched.wav,48000,0.55757737159729,0.0999999999257862,1.4646999300160307e-05,1534.309257253393
Rough-Air-60-100-synth.wav,48000,0.37629687786102295,0.06748781599605307,9.866544055415596e-06,1534.3092550190245
Rough-Air-60-20-source-matched.wav,48000,0.637737512588501,0.09999999904185772,-4.614392916361491e-08,2174.04853174266
Rough-Air-60-20-source.wav,48000,0.2384340763092041,0.03738750312599879,-4.79904313882192e-08,2174.0485358685096
Rough-Air-60-20-synth-matched.wav,48000,0.5270334482192993,0.099999995155683,7.342884039625209e-07,1266.546983757328
Rough-Air-60-20-synth.wav,48000,0.1295185089111328,0.024575020574157988,1.3605607277218333e-07,1266.5469691717715
Rough-Air-60-60-source-matched.wav,48000,0.6377284526824951,0.09999999983060077,-4.6158830324808755e-08,2174.042698772074
Rough-Air-60-60-source.wav,48000,0.28952109813690186,0.045398806127501024,-4.772841930389404e-08,2174.0426989039506
Rough-Air-60-60-synth-matched.wav,48000,0.5363161563873291,0.10000000268064226,5.077649938299301e-06,1396.7211499623313
Rough-Air-60-60-synth.wav,48000,0.23391199111938477,0.04361458751235667,2.181624369497629e-06,1396.7211321938598
Rough-Air-81-100-source-matched.wav,48000,0.6375030279159546,0.1000000002926618,-4.573911428451538e-08,2411.1007947272415
Rough-Air-81-100-source.wav,48000,0.35192787647247314,0.055204121667950586,-4.672507445017497e-08,2411.1008105963942
Rough-Air-81-100-synth-matched.wav,48000,0.48369646072387695,0.10000000342058804,4.0768001704139915e-05,1576.1121914462542
Rough-Air-81-100-synth.wav,48000,0.42008113861083984,0.08684808009175424,3.539972586874315e-05,1576.1121843730275
Rough-Air-81-20-source-matched.wav,48000,0.6375151872634888,0.10000000218475973,-4.5675784349441525e-08,2411.1037583770453
Rough-Air-81-20-source.wav,48000,0.2463526725769043,0.03864264243633053,-4.727393388748169e-08,2411.1037644366943
Rough-Air-81-20-synth-matched.wav,48000,0.5026310682296753,0.09999999614029254,7.544605784673006e-06,1328.2594162668393
Rough-Air-81-20-synth.wav,48000,0.18094468116760254,0.0359994994588023,2.678524593802843e-06,1328.2594143689173
Rough-Air-81-60-source-matched.wav,48000,0.6375068426132202,0.1000000016739048,-4.583100477854411e-08,2411.102075882527
Rough-Air-81-60-source.wav,48000,0.2991364002227783,0.04692284488907711,-4.717459281285604e-08,2411.1020997247047
Rough-Air-81-60-synth-matched.wav,48000,0.5082098245620728,0.10000000230119196,2.1930213056583987e-05,1441.8212092652093
Rough-Air-81-60-synth.wav,48000,0.30403077602386475,0.059823873066640075,1.3096269190390693e-05,1441.8212103147566
Soft-Exhale-45-100-source-matched.wav,48000,0.46467530727386475,0.10000000177815523,-4.663939277331034e-08,1699.5596927800038
Soft-Exhale-45-100-source.wav,48000,0.17221546173095703,0.03706145732579345,-4.843994975090027e-08,1699.5596841996867
Soft-Exhale-45-100-synth-matched.wav,48000,0.43690037727355957,0.09999999679459672,1.0019579426722323e-05,1196.1483516619862
Soft-Exhale-45-100-synth.wav,48000,0.2480757236480713,0.05678084044534504,5.664438891046224e-06,1196.148352076278
Soft-Exhale-45-20-source-matched.wav,48000,0.46468353271484375,0.09999999871607523,-4.6721349159876503e-08,1699.5670453546472
Soft-Exhale-45-20-source.wav,48000,0.1205524206161499,0.025942910183547222,-4.891430338223775e-08,1699.5670455781978
Soft-Exhale-45-20-synth-matched.wav,48000,0.45806241035461426,0.10000000430556251,6.293189375007406e-07,1079.664909691252
Soft-Exhale-45-20-synth.wav,48000,0.08623850345611572,0.018826783007126088,7.049443120969102e-08,1079.6649216664382
Soft-Exhale-45-60-source-matched.wav,48000,0.4646780490875244,0.09999999918068954,-4.598995049794515e-08,1699.562870703922
Soft-Exhale-45-60-source.wav,48000,0.14638197422027588,0.031501799674698676,-4.876529177029928e-08,1699.5628943734193
Soft-Exhale-45-60-synth-matched.wav,48000,0.45434391498565674,0.09999999605744465,3.454489682979406e-06,1132.1541393729185
Soft-Exhale-45-60-synth.wav,48000,0.1602095365524292,0.03526172143809179,1.1800463866204657e-06,1132.1541451976243
Soft-Exhale-60-100-source-matched.wav,48000,0.46102774143218994,0.10000000248153819,-4.565343260765076e-08,1826.053433895503
Soft-Exhale-60-100-source.wav,48000,0.17517566680908203,0.03799678245156749,-4.774083693822225e-08,1826.0534237338984
Soft-Exhale-60-100-synth-matched.wav,48000,0.42558205127716064,0.10000000317290479,1.2182162460336026e-05,1230.1722007209264
Soft-Exhale-60-100-synth.wav,48000,0.24717235565185547,0.058078673289811,7.051008535509414e-06,1230.17219936503
Soft-Exhale-60-20-source-matched.wav,48000,0.4610353708267212,0.10000000082749051,-4.567826787630717e-08,1826.05715468315
Soft-Exhale-60-20-source.wav,48000,0.12262463569641113,0.026597660734903945,-4.822884996732076e-08,1826.0571404615755
Soft-Exhale-60-20-synth-matched.wav,48000,0.4340447187423706,0.10000000327092858,9.338651347826136e-07,1046.8317305074304
Soft-Exhale-60-20-synth.wav,48000,0.09026050567626953,0.020795212704272644,1.4742390510249645e-07,1046.8317317763174
Soft-Exhale-60-60-source-matched.wav,48000,0.46103012561798096,0.09999999946511778,-4.625941316286723e-08,1826.0550551701012
Soft-Exhale-60-60-source.wav,48000,0.14889812469482422,0.03229682706771858,-4.814813534418742e-08,1826.0550598031932
Soft-Exhale-60-60-synth-matched.wav,48000,0.41380250453948975,0.10000000279574028,4.3796843532076544e-06,1128.7968174879954
Soft-Exhale-60-60-synth.wav,48000,0.15495896339416504,0.03744754550879982,1.603191312243964e-06,1128.796827483868
Soft-Exhale-81-100-source-matched.wav,48000,0.4533834457397461,0.09999999642680159,-4.5392662286758425e-08,1987.9529861215356
Soft-Exhale-81-100-source.wav,48000,0.1760716438293457,0.038835024935560375,-4.729752739270528e-08,1987.9529555508411
Soft-Exhale-81-100-synth-matched.wav,48000,0.4589657783508301,0.09999999961057518,3.4416349545279715e-05,1324.5945753943104
Soft-Exhale-81-100-synth.wav,48000,0.3552302122116089,0.07739797032828313,2.6625049785968473e-05,1324.5945753832345
Soft-Exhale-81-20-source-matched.wav,48000,0.4533904790878296,0.09999999672735417,-4.5773883660634357e-08,1987.9503241962245
Soft-Exhale-81-20-source.wav,48000,0.12325179576873779,0.027184456129108834,-4.761790235837301e-08,1987.9503282894661
Soft-Exhale-81-20-synth-matched.wav,48000,0.4170747995376587,0.09999999747718047,3.9256138211869175e-06,1168.5727900321856
Soft-Exhale-81-20-synth.wav,48000,0.12882864475250244,0.03088860149881708,1.1717276449533219e-06,1168.5728028251779
Soft-Exhale-81-60-source-matched.wav,48000,0.45338571071624756,0.09999999891626948,-4.578754305839539e-08,1987.9518542791468
Soft-Exhale-81-60-source.wav,48000,0.1496596336364746,0.03300933635594282,-4.762411117553711e-08,1987.9518523900892
Soft-Exhale-81-60-synth-matched.wav,48000,0.4569584131240845,0.10000000192582495,1.5614195132350667e-05,1237.5992497693055
Soft-Exhale-81-60-synth.wav,48000,0.2408294677734375,0.05270271328460206,8.20143960733363e-06,1237.5992540544455
Whisper-45-100-source-matched.wav,48000,0.5116934776306152,0.10000000142842523,-4.656737049420675e-08,2585.440240445834
Whisper-45-100-source.wav,48000,0.1941741704940796,0.03794736191246493,-4.8408905665079755e-08,2585.4402356087685
Whisper-45-100-synth-matched.wav,48000,0.44585883617401123,0.09999999909083253,5.433013900480372e-06,1798.2989974858965
Whisper-45-100-synth.wav,48000,0.19636833667755127,0.04404269121169645,2.360022180971313e-06,1798.2990025161012
Whisper-45-20-source-matched.wav,48000,0.5116969347000122,0.10000000314061086,-4.6787162621816e-08,2585.44698780216
Whisper-45-20-source.wav,48000,0.1359236240386963,0.026563302966885746,-4.900371034940084e-08,2585.446987482965
Whisper-45-20-synth-matched.wav,48000,0.4642833471298218,0.09999999927297944,2.424262384784983e-07,1616.2469347580372
Whisper-45-20-synth.wav,48000,0.06208539009094238,0.013372282137439078,-1.9027712814351347e-08,1616.2468947645134
Whisper-45-60-source-matched.wav,48000,0.511694073677063,0.0999999962112334,-4.6328951915105185e-08,2585.443161176944
Whisper-45-60-source.wav,48000,0.1650468111038208,0.032254973342252774,-4.861255486806234e-08,2585.443154016757
Whisper-45-60-synth-matched.wav,48000,0.45920276641845703,0.09999999717739044,1.5237663396971023e-06,1694.4885911951117
Whisper-45-60-synth.wav,48000,0.11989688873291016,0.026109778855283497,3.543707165629306e-07,1694.4885978067136
Whisper-60-100-source-matched.wav,48000,0.5187535285949707,0.10000000070584718,-4.5883158842722574e-08,2874.6675817960577
Whisper-60-100-source.wav,48000,0.20930099487304688,0.04034691631104554,-4.7989189624786376e-08,2874.6675735159906
Whisper-60-100-synth-matched.wav,48000,0.4824622869491577,0.10000000381815667,8.385741161776985e-06,2040.5422432196508
Whisper-60-100-synth.wav,48000,0.2287449836730957,0.04741199087355232,3.945129487584246e-06,2040.5422388832358
Whisper-60-20-source-matched.wav,48000,0.518756628036499,0.10000000128240974,-4.600360989570618e-08,2874.6731000892228
Whisper-60-20-source.wav,48000,0.14651250839233398,0.028243020579091827,-4.8336883385976156e-08,2874.6731324027514
Whisper-60-20-synth-matched.wav,48000,0.4784989356994629,0.10000000121170625,6.122455159400371e-07,1763.52538640406
Whisper-60-20-synth.wav,48000,0.07228505611419678,0.015106620966577973,4.205813116215645e-08,1763.5254011718755
Whisper-60-60-source-matched.wav,48000,0.5187541246414185,0.1000000028002003,-4.618987441062927e-08,2874.6699666883014
Whisper-60-60-source.wav,48000,0.17790448665618896,0.03429458701084426,-4.828597108523051e-08,2874.6699646708867
Whisper-60-60-synth-matched.wav,48000,0.483339786529541,0.09999999659528273,2.6621484257122303e-06,1883.0191676974825
Whisper-60-60-synth.wav,48000,0.13942992687225342,0.028847172596011873,7.259312700083915e-07,1883.0191517820012
Whisper-81-100-source-matched.wav,48000,0.49209487438201904,0.10000000170755698,-4.5396387577056885e-08,3291.1774917434973
Whisper-81-100-source.wav,48000,0.2112213373184204,0.04292290630011072,-4.6997020641962684e-08,3291.177496000672
Whisper-81-100-synth-matched.wav,48000,0.44732236862182617,0.09999999870064753,2.1561398170888424e-05,2043.9986017963683
Whisper-81-100-synth.wav,48000,0.28097856044769287,0.06281342465711547,1.3522205606816297e-05,2043.9985859036583
Whisper-81-20-source-matched.wav,48000,0.4920973777770996,0.10000000252818547,-4.568199316660563e-08,3291.181246411917
Whisper-81-20-source.wav,48000,0.1478567123413086,0.030046245162499357,-4.754339655240377e-08,3291.1812552603706
Whisper-81-20-synth-matched.wav,48000,0.46483922004699707,0.1000000040131329,2.0733779355725075e-06,1710.567275102372
Whisper-81-20-synth.wav,48000,0.10664772987365723,0.022942908505944867,4.300827834200352e-07,1710.567248014808
Whisper-81-60-source-matched.wav,48000,0.4920952320098877,0.10000000352256701,-4.582603772481283e-08,3291.179123973681
Whisper-81-60-source.wav,48000,0.1795368194580078,0.036484170287021125,-4.7460198402404786e-08,3291.1791144663543
Whisper-81-60-synth-matched.wav,48000,0.4534115791320801,0.09999999819690136,9.044866137048031e-06,1855.9883527697218
Whisper-81-60-synth.wav,48000,0.18590915203094482,0.041002302824628765,3.6741245260581055e-06,1855.9883581296012
baseline-synth-45-127-matched.wav,48000,0.4454132318496704,0.10000000339672294,1.9571137059717738e-05,1182.9116913025105
baseline-synth-45-127.wav,48000,0.3137321472167969,0.07043619307325591,1.3768229574123596e-05,1182.9117016949976
baseline-synth-45-25-matched.wav,48000,0.5004850625991821,0.09999999953211927,2.703127857456182e-06,894.2790251432298
baseline-synth-45-25.wav,48000,0.13011646270751953,0.025998084425743972,6.590952522101554e-07,894.2790318724761
baseline-synth-45-76-matched.wav,48000,0.4734458923339844,0.10000000363310672,8.707567603584934e-06,1029.4043234024737
baseline-synth-45-76.wav,48000,0.21570980548858643,0.04556167261645298,3.93554008506397e-06,1029.4043360562753
baseline-synth-60-127-matched.wav,48000,0.43829572200775146,0.09999999858432082,1.6445459976316767e-05,1531.6968392832166
baseline-synth-60-127.wav,48000,0.3166555166244507,0.07224700021921798,1.1865805061732201e-05,1531.6968169286833
baseline-synth-60-25-matched.wav,48000,0.4306901693344116,0.10000000071708891,1.7447226205246246e-06,1087.9342873732103
baseline-synth-60-25.wav,48000,0.11784553527832031,0.02736202516724817,4.3456601177124265e-07,1087.9342707256603
baseline-synth-60-76-matched.wav,48000,0.42988133430480957,0.09999999800121503,7.099533909337318e-06,1285.188260383933
baseline-synth-60-76.wav,48000,0.2037656307220459,0.047400425652060554,3.33454846305416e-06,1285.188262298407
baseline-synth-81-127-matched.wav,48000,0.45793473720550537,0.1000000013054935,2.102823085845151e-05,2370.875842473876
baseline-synth-81-127.wav,48000,0.36833512783050537,0.08043397540656153,1.6903284283235987e-05,2370.8758061966923
baseline-synth-81-25-matched.wav,48000,0.4746537208557129,0.10000000157243111,2.025473030640724e-06,1740.4798961667655
baseline-synth-81-25.wav,48000,0.14751005172729492,0.03107741575911725,5.888596593223988e-07,1740.4799037370065
baseline-synth-81-76-matched.wav,48000,0.4735240936279297,0.0999999999892283,9.232095412989246e-06,2011.7445998522028
baseline-synth-81-76.wav,48000,0.25440454483032227,0.05372577712393173,4.933246639259952e-06,2011.744571027157
