rate,block,type,max_us,budget_us,allocations,deallocations
44100,17,1,341.5,385.488,0,0
44100,17,2,329,385.488,0,0
44100,17,3,746.9,385.488,0,0
44100,17,4,150.9,385.488,0,0
44100,64,1,262.1,1451.25,0,0
44100,64,2,388.4,1451.25,0,0
44100,64,3,1196.8,1451.25,0,0
44100,64,4,602.6,1451.25,0,0
44100,256,1,413.3,5804.99,0,0
44100,256,2,492.8,5804.99,0,0
44100,256,3,1324.4,5804.99,0,0
44100,256,4,2530.7,5804.99,0,0
44100,1024,1,744.5,23220,0,0
44100,1024,2,1442.7,23220,0,0
44100,1024,3,2490.7,23220,0,0
44100,1024,4,10198.8,23220,0,0
48000,17,1,298,354.167,0,0
48000,17,2,320.8,354.167,0,0
48000,17,3,658.6,354.167,0,0
48000,17,4,151.5,354.167,0,0
48000,64,1,252.3,1333.33,0,0
48000,64,2,374.9,1333.33,0,0
48000,64,3,1190.5,1333.33,0,0
48000,64,4,519.4,1333.33,0,0
48000,256,1,365.1,5333.33,0,0
48000,256,2,443.8,5333.33,0,0
48000,256,3,1388.6,5333.33,0,0
48000,256,4,2157.9,5333.33,0,0
48000,1024,1,786.6,21333.3,0,0
48000,1024,2,1517.7,21333.3,0,0
48000,1024,3,2900.3,21333.3,0,0
48000,1024,4,11445.9,21333.3,0,0
96000,17,1,696.8,177.083,0,0
96000,17,2,436.6,177.083,0,0
96000,17,3,722.2,177.083,0,0
96000,17,4,125.8,177.083,0,0
96000,64,1,522.4,666.667,0,0
96000,64,2,441.7,666.667,0,0
96000,64,3,1224.3,666.667,0,0
96000,64,4,521.5,666.667,0,0
96000,256,1,622.2,2666.67,0,0
96000,256,2,493.6,2666.67,0,0
96000,256,3,1774.3,2666.67,0,0
96000,256,4,2056.4,2666.67,0,0
96000,1024,1,996.9,10666.7,0,0
96000,1024,2,1511.3,10666.7,0,0
96000,1024,3,2352.5,10666.7,0,0
96000,1024,4,8233.4,10666.7,0,0
